here_api_id,placeName,city,county,street,houseNumber,coordinates
here:pds:place:804u8vwz-5255245980de44c2b03bbf4f778112ea,Києво-Печерська Лавра,Київ,Київська область,Лаврська вулиця,25,"{""lat"": 50.43517, ""lng"": 30.5574}"
here:pds:place:804u8c5d-3af5f4b049474f9c8ca583fec9d37e00,Каплиця Боїмів,Львів,Львівська область,Катедральна площа,1,"{""lat"": 49.84074, ""lng"": 24.0309}"
here:pds:place:804u9131-225cb1c386c6ca3bff07c520ef658584,Собор Успіння,Володимир-Волинський,Волинська область,Соборна вулиця,,"{""lat"": 50.84356, ""lng"": 24.31544}"
here:pds:place:804u8c5d-70ef6efda326244b1bdad8b3ff6348f6,Чорний Будинок,Львів,Львівська область,Братів Рогатинців вулиця,,"{""lat"": 49.84028, ""lng"": 24.03225}"
here:pds:place:804u8c5d-3ed00ca3ea02b88d4521ef2c81aea566,Львівський Історичний Музей - Палац Бандінеллі,Львів,Львівська область,Ринок площа,6,"{""lat"": 49.84215, ""lng"": 24.03259}"
here:pds:place:804u8c5d-867b88bcf691dcb94fed229fb2c85447,Палац Корнякт,Львів,Львівська область,Ринок площа,6,"{""lat"": 49.84215, ""lng"": 24.03258}"
here:pds:place:804aabd1-5b7f3310f72e0af87a33c4cbbfc07a4d,Палац Любомирських,Львів,Львівська область,Ринок площа,10,"{""lat"": 49.84172, ""lng"": 24.0328}"
here:pds:place:804u8c5d-0826cd2338b94243a6072ac2620322ef,Львівська Міська Рада,Львів,Львівська область,Ринок площа,1,"{""lat"": 49.84181, ""lng"": 24.03168}"
here:pds:place:804u8c5d-140053fa7c8d457bb7bd706c4ba66b31,Центр Надання Адміністративних Послуг М.Львів,Львів,Львівська область,Ринок площа,1,"{""lat"": 49.84185, ""lng"": 24.03171}"
here:pds:place:804u8c5d-3f5b98129ba74707a03651ac7810e22d,Управління Освіти Дгп Львівської Міської Ради,Львів,Львівська область,Ринок площа,9,"{""lat"": 49.84192, ""lng"": 24.03307}"
here:pds:place:804u8c5e-f00ea7c87a85423180bcfeedeeded672,Департамент Освіти І Науки Лода Офіційна Сторінка,Львів,Львівська область,Просвіти вулиця,4,"{""lat"": 49.84209, ""lng"": 24.03897}"
here:pds:place:804jx7ps-10c85c05ab9204166f57f3a4304f8679,Шевченківська Райдержадміністрація м Львів,Львів,Львівська область,В'ячеслава Липинського вулиця,11,"{""lat"": 49.85815, ""lng"": 24.02274}"
here:pds:place:804u8c53-84cfb8ba1ec147b1bf574909a58f7351,Цнап Залізничний район М Львів,Львів,Львівська область,Івана Виговського вулиця,32,"{""lat"": 49.82565, ""lng"": 23.96673}"
here:pds:place:804u8c5d-e8039bda655e4a20b816c3aab9ea4da7,Успенська Церква,Львів,Львівська область,Підвальна вулиця,9,"{""lat"": 49.84293, ""lng"": 24.03472}"
here:pds:place:804u8c5d-b309320dd9d5476f9707f88270b95af5,Арсенал музей,Львів,Львівська область,Підвальна вулиця,5,"{""lat"": 49.84126, ""lng"": 24.03529}"
here:pds:place:804u8c5d-340e4a9e0b927315486d8fe51e125272,Порохова Вежа,Львів,Львівська область,Вірменська вулиця,,"{""lat"": 49.84313, ""lng"": 24.03029}"
here:pds:place:804u8vxn-b8eb4a45c7a04b3999254cac84e1d6ed,Музей Історії Михайлівського Золотоверхого Монастиря,Київ,Київська область,Трьохсвятительська вулиця,6,"{""lat"": 50.45536, ""lng"": 30.52245}"
here:pds:place:804u8c5d-cf79a344211d4c3ea4f91253e569eba1,Бернардинська Церква та Монастир,Львів,Львівська область,Валова вулиця,,"{""lat"": 49.83988, ""lng"": 24.03478}"
here:pds:place:804aabd1-f9a2e82f1a7b0a3cdc846f21b5214f0a,Покровський Собор,Харків,Харківська область,Університетська вулиця,8/10,"{""lat"": 49.99168, ""lng"": 36.229}"
here:pds:place:804aabd1-3cc585eaaead0bbb2a3bb49d1334d0ce,Палац Юстиції,Чернівці,Чернівецька область,Михайла Грушевського вулиця,1,"{""lat"": 48.29066, ""lng"": 25.93235}"
here:pds:place:804u8vxn-0ea51f43708440f1940369a0fb1af0a7,Софійський Собор,Київ,Київська область,Володимирська вулиця,24,"{""lat"": 50.45172, ""lng"": 30.51517}"
here:pds:place:804aabd1-980a94010b940d5f2c65aa77d3922150,Церква Святого Миколая Притиська,Київ,Київська область,Алли Тарасової вулиця,,"{""lat"": 50.45339, ""lng"": 30.51837}"
here:pds:place:804cpf7c-28e96c3715f609fe5a6ee5f937edfdd9,Храм Рівноапостольної Марії Магдалини,Київ,Київська область,Володимирська вулиця,45,"{""lat"": 50.4482, ""lng"": 30.51461}"
here:pds:place:804jx7ps-c3d8cb2767c7027d7da89089e916e0ef,Стрітенська Капличка,Київ,Київська область,Стрітенська вулиця,,"{""lat"": 50.45473, ""lng"": 30.50872}"
here:pds:place:804u8vxn-9233c525e265452aa59ddcb174111d0c,Свято-Михайлівський Золотоверхий Монастир,Київ,Київська область,Михайлівська площа,,"{""lat"": 50.45584, ""lng"": 30.5205}"
here:pds:place:804jx7ps-0f39724dc5c701a7557e0a2fb9ebc436,Трапезний храм Іоана Богослова,Київ,Київська область,Трьохсвятительська вулиця,6,"{""lat"": 50.45483, ""lng"": 30.52296}"
here:pds:place:804u8vxn-d8b40b1cb8bf46a28487a94ccbf82738,Михайлівський Золотоверхий Монастир,Київ,Київська область,Трьохсвятительська вулиця,8,"{""lat"": 50.45603, ""lng"": 30.52207}"
here:pds:place:804u8vxn-35bf2adf6e374c08a11dad08f437c741,Костьол Святого Олександра,Київ,Київська область,Костьольна вулиця,17,"{""lat"": 50.45342, ""lng"": 30.5248}"
here:pds:place:804cpf7c-04cf28d467a00af78c585c03b87f1bc4,Парафія Прокафедральний храм Св. Олександра,Київ,Київська область,Костьольна вулиця,17,"{""lat"": 50.45342, ""lng"": 30.5248}"
here:pds:place:804cpf7c-0ca136b598f20ffa633e1e2f3c836db5,Різдва Богородиці Десятинний Чоловічий Монастир,Київ,Київська область,Володимирська вулиця,2,"{""lat"": 50.45829, ""lng"": 30.5162}"
here:pds:place:804cpf7c-461361b202770bf191c0413fd4e95385,Храм на Честь Святителя Феодосія Чернігівського,Київ,Київська область,Киянівський провулок,6,"{""lat"": 50.45655, ""lng"": 30.50732}"
here:pds:place:804u8vxn-1505809ce25640f9b1fbf9b425c997fa,Андріївська церква,Київ,Київська область,Андріївський узвіз,23,"{""lat"": 50.45898, ""lng"": 30.51798}"
here:pds:place:804u8vwy-16231612e4e04568acb5f031c68e3f44,Володимирський Собор,Київ,Київська область,Тараса Шевченка бульвар,20,"{""lat"": 50.44413, ""lng"": 30.51075}"
here:pds:place:804u8vxn-bf5f731083884473be1486cdc2d858d6,Монастир Святого Василія Великого,Київ,Київська область,Вознесенський узвіз,,"{""lat"": 50.45748, ""lng"": 30.50587}"
here:pds:place:804u8vwy-9c369f65dbd644b999df32cb58049dd5,Євангельська Пресвітеріанська церква Святої Трійці,Київ,Київська область,Героїв Небесної Сотні алея,1,"{""lat"": 50.4499, ""lng"": 30.52797}"
here:pds:place:804u8c56-3fc056b8a6bc47ec96a6ca02ab9f0330,Монастир Святого Онуфрія,Львів,Львівська область,Богдана Хмельницького вулиця,36,"{""lat"": 49.84915, ""lng"": 24.02848}"
here:pds:place:804aabd1-9de748a5114005ebdf38c8ea01926a0b,Церква Святої Параскеви,Чернівці,Чернівецька область,Марії Заньковецької вулиця,24,"{""lat"": 48.29559, ""lng"": 25.93593}"
here:pds:place:804aabd1-71aabc04582802bebef3cb8aba2d031c,Церква Божого Милосердя та Богоматері Неустанної Помочі,Тернопіль,Тернопільська область,Євгена Коновальця вулиця,,"{""lat"": 49.55113, ""lng"": 25.6221}"
here:pds:place:804aabd1-92e21207069c08c3c4cfdaa6a3de7d81,Церква Стрітення Господнього,Одеса,Одеська область,Свободи проспект,,"{""lat"": 46.35507, ""lng"": 30.70191}"
here:pds:place:804u8c5d-a0174d3481fc9da285a020f71b6b213e,Церква Стрітення,Львів,Львівська область,Володимира Винниченка вулиця,,"{""lat"": 49.83892, ""lng"": 24.03565}"
here:pds:place:804t4x7z-443574218e180f61926bf65023c6066d,Собор Святого Юра,Львів,Львівська область,Святого Юра площа,5,"{""lat"": 49.83857, ""lng"": 24.01249}"
here:pds:place:804aabd1-0d470d0ef0e104391db38e0c03215c8f,Спасо-Преображенський храм,Одеса,Одеська область,Комінтерну вулиця,37,"{""lat"": 46.47369, ""lng"": 30.63883}"
here:pds:place:804aabd1-75f1295e01bc01a7f19ee5d36b1e3020,Спасо-Преображенський Собор Кіровоградщини,Кропивницький,Кіровоградська область,Преображенська вулиця,22,"{""lat"": 48.50471, ""lng"": 32.26848}"
here:pds:place:804u8c5d-d13cfaf56c33492abb096f1bf373cee5,Церква Преображення,Львів,Львівська область,Краківська вулиця,21,"{""lat"": 49.84362, ""lng"": 24.0292}"
here:pds:place:804ubcuh-eadab8c64e3a4f58bff6d655ebb6375a,Державний Природничий Музей,Харків,Харківська область,Трінклера вулиця,8,"{""lat"": 50.01284, ""lng"": 36.24085}"
here:pds:place:804u8mb7-86b3939e1cee4f27a3fb0a9a1747d95d,Одеський Театр Опери Та Балету,Одеса,Одеська область,Петра Чайковського провулок,1,"{""lat"": 46.48545, ""lng"": 30.74119}"
here:pds:place:804u8c5d-6d29fca69de84df8993d8b0afeb2d60f,Львівська Опера,Львів,Львівська область,Свободи проспект,28,"{""lat"": 49.84398, ""lng"": 24.026}"
here:pds:place:804u89w6-d055395e2a8c43c3a1c1c40132f07ae0,Музей Палац Потоцьких,Івано-Франківськ,Івано-Франківська область,Госпітальна вулиця,5,"{""lat"": 48.92467, ""lng"": 24.71301}"
here:pds:place:804u8vxj-2a58fa334e46bc0902530e537f63c21c,Друкарня,Київ,Київська область,Гаванський провулок,,"{""lat"": 50.48116, ""lng"": 30.49318}"
here:pds:place:804u8vwz-a6d9907645c14912a9b7b1ca0e2e82bc,Метро-Арсенальна,Київ,Київська область,Михайла Грушевського вулиця,,"{""lat"": 50.44381, ""lng"": 30.54491}"
here:pds:place:804u8c5d-1e66e043829a2ed518fcefcacdb614c3,Театр Марії Заньковецької,Львів,Львівська область,Лесі Українки вулиця,1,"{""lat"": 49.844, ""lng"": 24.02714}"